measurement_id,comparison_scope,variant,scenario,trial,phase,environment_id,cache_state,started_at_utc,finished_at_utc,elapsed_s,exit_code,status,readiness_evidence,command_log,stdout_log,stderr_log,service_log,cpu_pct_mean,ram_peak_mib,gpu_util_pct_mean,vram_peak_mib,notes
prepared-pair-1-direct-control_ready,software_service_management,direct,prepared_start_stop,1,control_ready,same-managed-host13-python312,prepared_source_environment_and_reused_task_cache,2026-10-08T15:07:05.427613+00:00,2026-10-08T15:07:06.447822+00:00,1.020183,,passed,trial-evidence.jsonl,commands.jsonl,command-logs.jsonl,command-logs.jsonl,command-logs.jsonl,,,,,Immediate first probe then 1 s schedule; command exit is recorded separately. Resources unavailable: no reliable aggregate process sampler. Evidence group: prepared; original filenames are retained as record_id fields in the linked JSONL.
prepared-pair-1-direct-foreground_lifetime,software_service_management,direct,prepared_start_stop,1,foreground_lifetime,same-managed-host13-python312,prepared_source_environment_and_reused_task_cache,2026-10-08T15:07:05.427613+00:00,2026-10-08T15:07:06.507831+00:00,1.080187,-2,operator_interrupt,trial-evidence.jsonl,commands.jsonl,command-logs.jsonl,command-logs.jsonl,command-logs.jsonl,,,,,"Direct command is the foreground service, so command exit occurs only after SIGINT. Requested SIGINT exited -2; the original recorder labeled this foreground-exit row failed, corrected in this published interpretation without altering exit/timing values. Evidence group: prepared; original filenames are retained as record_id fields in the linked JSONL."
prepared-pair-1-direct-stop,software_service_management,direct,prepared_start_stop,1,stop,same-managed-host13-python312,prepared_source_environment_and_reused_task_cache,2026-10-08T15:07:06.448784+00:00,2026-10-08T15:07:07.449909+00:00,1.001111,-2,passed,trial-evidence.jsonl,commands.jsonl,command-logs.jsonl,command-logs.jsonl,command-logs.jsonl,,,,,SIGINT for direct; Host down for host. Endpoint closed and owned Control process exited (or zombie); no physical stopped-state claim. Evidence group: prepared; original filenames are retained as record_id fields in the linked JSONL.
prepared-pair-1-host-control_ready,software_service_management,host,prepared_start_stop,1,control_ready,same-managed-host13-python312,prepared_source_environment_and_reused_task_cache,2026-10-08T15:07:07.452242+00:00,2026-10-08T15:07:08.473999+00:00,1.021737,,passed,trial-evidence.jsonl,commands.jsonl,command-logs.jsonl,command-logs.jsonl,host-control-service.log,,,,,Immediate first probe then 1 s schedule; command exit is recorded separately. Resources unavailable: no reliable aggregate process sampler. Evidence group: prepared; original filenames are retained as record_id fields in the linked JSONL.
prepared-pair-1-host-up_command,software_service_management,host,prepared_start_stop,1,up_command,same-managed-host13-python312,prepared_source_environment_and_reused_task_cache,2026-10-08T15:07:07.452242+00:00,2026-10-08T15:07:08.210301+00:00,0.758030,0,passed,trial-evidence.jsonl,commands.jsonl,command-logs.jsonl,command-logs.jsonl,host-control-service.log,,,,,Host up command exit is independent of valid observation time. Evidence group: prepared; original filenames are retained as record_id fields in the linked JSONL.
prepared-pair-1-host-stop-down_command,software_service_management,host,prepared_start_stop,1,down_command,same-managed-host13-python312,prepared_source_environment_and_reused_task_cache,2026-10-08T15:07:08.475709+00:00,2026-10-08T15:07:08.991510+00:00,0.515784,0,passed,trial-evidence.jsonl,commands.jsonl,command-logs.jsonl,command-logs.jsonl,host-control-service.log,,,,,Down command exit independently recorded; stopped endpoint and process checked at 1 s interval. Evidence group: prepared; original filenames are retained as record_id fields in the linked JSONL.
prepared-pair-1-host-stop,software_service_management,host,prepared_start_stop,1,stop,same-managed-host13-python312,prepared_source_environment_and_reused_task_cache,2026-10-08T15:07:08.475499+00:00,2026-10-08T15:07:09.478329+00:00,1.002812,0,passed,trial-evidence.jsonl,commands.jsonl,command-logs.jsonl,command-logs.jsonl,host-control-service.log,,,,,SIGINT for direct; Host down for host. Endpoint closed and owned Control process exited (or zombie); no physical stopped-state claim. Evidence group: prepared; original filenames are retained as record_id fields in the linked JSONL.
prepared-pair-2-host-control_ready,software_service_management,host,prepared_start_stop,2,control_ready,same-managed-host13-python312,prepared_source_environment_and_reused_task_cache,2026-10-08T15:07:09.481138+00:00,2026-10-08T15:07:10.503014+00:00,1.021831,,passed,trial-evidence.jsonl,commands.jsonl,command-logs.jsonl,command-logs.jsonl,host-control-service.log,,,,,Immediate first probe then 1 s schedule; command exit is recorded separately. Resources unavailable: no reliable aggregate process sampler. Evidence group: prepared; original filenames are retained as record_id fields in the linked JSONL.
prepared-pair-2-host-up_command,software_service_management,host,prepared_start_stop,2,up_command,same-managed-host13-python312,prepared_source_environment_and_reused_task_cache,2026-10-08T15:07:09.481138+00:00,2026-10-08T15:07:10.246808+00:00,0.765642,0,passed,trial-evidence.jsonl,commands.jsonl,command-logs.jsonl,command-logs.jsonl,host-control-service.log,,,,,Host up command exit is independent of valid observation time. Evidence group: prepared; original filenames are retained as record_id fields in the linked JSONL.
prepared-pair-2-host-stop-down_command,software_service_management,host,prepared_start_stop,2,down_command,same-managed-host13-python312,prepared_source_environment_and_reused_task_cache,2026-10-08T15:07:10.504800+00:00,2026-10-08T15:07:11.020110+00:00,0.515288,0,passed,trial-evidence.jsonl,commands.jsonl,command-logs.jsonl,command-logs.jsonl,host-control-service.log,,,,,Down command exit independently recorded; stopped endpoint and process checked at 1 s interval. Evidence group: prepared; original filenames are retained as record_id fields in the linked JSONL.
prepared-pair-2-host-stop,software_service_management,host,prepared_start_stop,2,stop,same-managed-host13-python312,prepared_source_environment_and_reused_task_cache,2026-10-08T15:07:10.504605+00:00,2026-10-08T15:07:11.507689+00:00,1.003069,0,passed,trial-evidence.jsonl,commands.jsonl,command-logs.jsonl,command-logs.jsonl,host-control-service.log,,,,,SIGINT for direct; Host down for host. Endpoint closed and owned Control process exited (or zombie); no physical stopped-state claim. Evidence group: prepared; original filenames are retained as record_id fields in the linked JSONL.
prepared-pair-2-direct-control_ready,software_service_management,direct,prepared_start_stop,2,control_ready,same-managed-host13-python312,prepared_source_environment_and_reused_task_cache,2026-10-08T15:07:11.510594+00:00,2026-10-08T15:07:12.530410+00:00,1.019798,,passed,trial-evidence.jsonl,commands.jsonl,command-logs.jsonl,command-logs.jsonl,command-logs.jsonl,,,,,Immediate first probe then 1 s schedule; command exit is recorded separately. Resources unavailable: no reliable aggregate process sampler. Evidence group: prepared; original filenames are retained as record_id fields in the linked JSONL.
prepared-pair-2-direct-foreground_lifetime,software_service_management,direct,prepared_start_stop,2,foreground_lifetime,same-managed-host13-python312,prepared_source_environment_and_reused_task_cache,2026-10-08T15:07:11.510594+00:00,2026-10-08T15:07:12.586790+00:00,1.076173,-2,operator_interrupt,trial-evidence.jsonl,commands.jsonl,command-logs.jsonl,command-logs.jsonl,command-logs.jsonl,,,,,"Direct command is the foreground service, so command exit occurs only after SIGINT. Requested SIGINT exited -2; the original recorder labeled this foreground-exit row failed, corrected in this published interpretation without altering exit/timing values. Evidence group: prepared; original filenames are retained as record_id fields in the linked JSONL."
prepared-pair-2-direct-stop,software_service_management,direct,prepared_start_stop,2,stop,same-managed-host13-python312,prepared_source_environment_and_reused_task_cache,2026-10-08T15:07:12.531981+00:00,2026-10-08T15:07:13.533287+00:00,1.001288,-2,passed,trial-evidence.jsonl,commands.jsonl,command-logs.jsonl,command-logs.jsonl,command-logs.jsonl,,,,,SIGINT for direct; Host down for host. Endpoint closed and owned Control process exited (or zombie); no physical stopped-state claim. Evidence group: prepared; original filenames are retained as record_id fields in the linked JSONL.
prepared-pair-3-direct-control_ready,software_service_management,direct,prepared_start_stop,3,control_ready,same-managed-host13-python312,prepared_source_environment_and_reused_task_cache,2026-10-08T15:07:13.536092+00:00,2026-10-08T15:07:14.556134+00:00,1.020023,,passed,trial-evidence.jsonl,commands.jsonl,command-logs.jsonl,command-logs.jsonl,command-logs.jsonl,,,,,Immediate first probe then 1 s schedule; command exit is recorded separately. Resources unavailable: no reliable aggregate process sampler. Evidence group: prepared; original filenames are retained as record_id fields in the linked JSONL.
prepared-pair-3-direct-foreground_lifetime,software_service_management,direct,prepared_start_stop,3,foreground_lifetime,same-managed-host13-python312,prepared_source_environment_and_reused_task_cache,2026-10-08T15:07:13.536092+00:00,2026-10-08T15:07:14.616752+00:00,1.080637,-2,operator_interrupt,trial-evidence.jsonl,commands.jsonl,command-logs.jsonl,command-logs.jsonl,command-logs.jsonl,,,,,"Direct command is the foreground service, so command exit occurs only after SIGINT. Requested SIGINT exited -2; the original recorder labeled this foreground-exit row failed, corrected in this published interpretation without altering exit/timing values. Evidence group: prepared; original filenames are retained as record_id fields in the linked JSONL."
prepared-pair-3-direct-stop,software_service_management,direct,prepared_start_stop,3,stop,same-managed-host13-python312,prepared_source_environment_and_reused_task_cache,2026-10-08T15:07:14.558130+00:00,2026-10-08T15:07:15.559533+00:00,1.001385,-2,passed,trial-evidence.jsonl,commands.jsonl,command-logs.jsonl,command-logs.jsonl,command-logs.jsonl,,,,,SIGINT for direct; Host down for host. Endpoint closed and owned Control process exited (or zombie); no physical stopped-state claim. Evidence group: prepared; original filenames are retained as record_id fields in the linked JSONL.
prepared-pair-3-host-control_ready,software_service_management,host,prepared_start_stop,3,control_ready,same-managed-host13-python312,prepared_source_environment_and_reused_task_cache,2026-10-08T15:07:15.562467+00:00,2026-10-08T15:07:16.584585+00:00,1.022098,,passed,trial-evidence.jsonl,commands.jsonl,command-logs.jsonl,command-logs.jsonl,host-control-service.log,,,,,Immediate first probe then 1 s schedule; command exit is recorded separately. Resources unavailable: no reliable aggregate process sampler. Evidence group: prepared; original filenames are retained as record_id fields in the linked JSONL.
prepared-pair-3-host-up_command,software_service_management,host,prepared_start_stop,3,up_command,same-managed-host13-python312,prepared_source_environment_and_reused_task_cache,2026-10-08T15:07:15.562467+00:00,2026-10-08T15:07:16.328670+00:00,0.766176,0,passed,trial-evidence.jsonl,commands.jsonl,command-logs.jsonl,command-logs.jsonl,host-control-service.log,,,,,Host up command exit is independent of valid observation time. Evidence group: prepared; original filenames are retained as record_id fields in the linked JSONL.
prepared-pair-3-host-stop-down_command,software_service_management,host,prepared_start_stop,3,down_command,same-managed-host13-python312,prepared_source_environment_and_reused_task_cache,2026-10-08T15:07:16.586696+00:00,2026-10-08T15:07:17.104730+00:00,0.518016,0,passed,trial-evidence.jsonl,commands.jsonl,command-logs.jsonl,command-logs.jsonl,host-control-service.log,,,,,Down command exit independently recorded; stopped endpoint and process checked at 1 s interval. Evidence group: prepared; original filenames are retained as record_id fields in the linked JSONL.
prepared-pair-3-host-stop,software_service_management,host,prepared_start_stop,3,stop,same-managed-host13-python312,prepared_source_environment_and_reused_task_cache,2026-10-08T15:07:16.586518+00:00,2026-10-08T15:07:17.589583+00:00,1.003048,0,passed,trial-evidence.jsonl,commands.jsonl,command-logs.jsonl,command-logs.jsonl,host-control-service.log,,,,,SIGINT for direct; Host down for host. Endpoint closed and owned Control process exited (or zombie); no physical stopped-state claim. Evidence group: prepared; original filenames are retained as record_id fields in the linked JSONL.
fault-fault-1-direct-failed_startup_command,software_service_management,direct,occupied_port,1,failed_startup_command,same-managed-host13-python312,prepared_source_environment_and_reused_task_cache,2026-10-08T15:21:08.417215+00:00,2026-10-08T15:21:08.600790+00:00,0.183533,2,expected_failure,trial-evidence.jsonl,commands.jsonl,command-logs.jsonl,command-logs.jsonl,command-logs.jsonl,,,,,Task-owned plain HTTP server held port 8100; ready condition not met. No human diagnosis time measured. Docker/native installation may run concurrently outside quiet startup window. Evidence group: fault; original filenames are retained as record_id fields in the linked JSONL.
fault-pair-1-direct-control_ready,software_service_management,direct,occupied_port_recovery,1,control_ready,same-managed-host13-python312,prepared_source_environment_and_reused_task_cache,2026-10-08T15:21:08.634735+00:00,2026-10-08T15:21:09.656271+00:00,1.021511,,passed,trial-evidence.jsonl,commands.jsonl,command-logs.jsonl,command-logs.jsonl,command-logs.jsonl,,,,,Immediate first probe then 1 s schedule; command exit is recorded separately. Resources unavailable: no reliable aggregate process sampler. Evidence group: fault; original filenames are retained as record_id fields in the linked JSONL.
fault-pair-1-direct-foreground_lifetime,software_service_management,direct,occupied_port_recovery,1,foreground_lifetime,same-managed-host13-python312,prepared_source_environment_and_reused_task_cache,2026-10-08T15:21:08.634735+00:00,2026-10-08T15:21:09.714814+00:00,1.080052,-2,operator_interrupt,trial-evidence.jsonl,commands.jsonl,command-logs.jsonl,command-logs.jsonl,command-logs.jsonl,,,,,"Direct command is the foreground service, so command exit occurs only after requested SIGINT; -2 means that deliberate interrupt. Requested SIGINT exited -2; the original recorder labeled this foreground-exit row failed, corrected in this published interpretation without altering exit/timing values. Evidence group: fault; original filenames are retained as record_id fields in the linked JSONL."
fault-pair-1-direct-stop,software_service_management,direct,occupied_port_recovery,1,stop,same-managed-host13-python312,prepared_source_environment_and_reused_task_cache,2026-10-08T15:21:09.657620+00:00,2026-10-08T15:21:10.658988+00:00,1.001346,-2,passed,trial-evidence.jsonl,commands.jsonl,command-logs.jsonl,command-logs.jsonl,command-logs.jsonl,,,,,SIGINT for direct; Host down for host. Endpoint closed and owned Control process exited (or zombie); no physical stopped-state claim. Evidence group: fault; original filenames are retained as record_id fields in the linked JSONL.
fault-fault-2-host-failed_startup_command,software_service_management,host,occupied_port,2,failed_startup_command,same-managed-host13-python312,prepared_source_environment_and_reused_task_cache,2026-10-08T15:21:10.764797+00:00,2026-10-08T15:21:11.461139+00:00,0.696307,1,expected_failure,trial-evidence.jsonl,commands.jsonl,command-logs.jsonl,command-logs.jsonl,host-control-service.log,,,,,Task-owned plain HTTP server held port 8100; ready condition not met. No human diagnosis time measured. Docker/native installation may run concurrently outside quiet startup window. Evidence group: fault; original filenames are retained as record_id fields in the linked JSONL.
fault-pair-2-host-control_ready,software_service_management,host,occupied_port_recovery,2,control_ready,same-managed-host13-python312,prepared_source_environment_and_reused_task_cache,2026-10-08T15:21:12.003272+00:00,2026-10-08T15:21:13.028649+00:00,1.025351,,passed,trial-evidence.jsonl,commands.jsonl,command-logs.jsonl,command-logs.jsonl,host-control-service.log,,,,,Immediate first probe then 1 s schedule; command exit is recorded separately. Resources unavailable: no reliable aggregate process sampler. Evidence group: fault; original filenames are retained as record_id fields in the linked JSONL.
fault-pair-2-host-up_command,software_service_management,host,occupied_port_recovery,2,up_command,same-managed-host13-python312,prepared_source_environment_and_reused_task_cache,2026-10-08T15:21:12.003272+00:00,2026-10-08T15:21:12.761989+00:00,0.758685,0,passed,trial-evidence.jsonl,commands.jsonl,command-logs.jsonl,command-logs.jsonl,host-control-service.log,,,,,Host up command exit is independent of valid observation time. Evidence group: fault; original filenames are retained as record_id fields in the linked JSONL.
fault-pair-2-host-stop-down_command,software_service_management,host,occupied_port_recovery,2,down_command,same-managed-host13-python312,prepared_source_environment_and_reused_task_cache,2026-10-08T15:21:13.030639+00:00,2026-10-08T15:21:13.563398+00:00,0.532737,0,passed,trial-evidence.jsonl,commands.jsonl,command-logs.jsonl,command-logs.jsonl,host-control-service.log,,,,,Down command exit independently recorded; stopped endpoint and process checked at 1 s interval. Evidence group: fault; original filenames are retained as record_id fields in the linked JSONL.
fault-pair-2-host-stop,software_service_management,host,occupied_port_recovery,2,stop,same-managed-host13-python312,prepared_source_environment_and_reused_task_cache,2026-10-08T15:21:13.030402+00:00,2026-10-08T15:21:14.033254+00:00,1.002832,0,passed,trial-evidence.jsonl,commands.jsonl,command-logs.jsonl,command-logs.jsonl,host-control-service.log,,,,,SIGINT for direct; Host down for host. Endpoint closed and owned Control process exited (or zombie); no physical stopped-state claim. Evidence group: fault; original filenames are retained as record_id fields in the linked JSONL.
